Tanggal/Waktu,Isi Dokumen / Abstrak,Hasil Kategori
2026-06-26 03:05:29,Available online at www.medicinescience.org Medicine Science International ORIGINAL ARTICLE Medical Journal Medicine Science 2021;10(4):1162-7 Human r...,MEDICAL
2026-06-26 03:06:00,Abstract: Problem statement: Handling numerical data stored in a relational database has been performed differently from handling those numerical data...,COMPUTER SCIENCE
2026-06-26 03:10:34,International Journal of Economics and Financial Issues ISSN: 2146-4138 available at http: www.econjournals.com International Journal of Economics and...,ECONOMY
2026-06-26 03:19:34,"Journal of Computer Science 6 (10): 1070-1078, 2010 ISSN 1549-3636 © 2010 Science Publications Connected Component Labeling Using Components Neighbors...",COMPUTER SCIENCE
2026-06-26 09:23:49,"Journal of Computer Science 6 (10): 1070-1078, 2010 ISSN 1549-3636 © 2010 Science Publications Connected Component Labeling Using Components Neighbors...",COMPUTER SCIENCE
2026-06-26 09:27:04,Abstract: This article looks at one of the evolving crimes of the digital age; identity theft. It argues and explains that if three key technologies w...,COMPUTER SCIENCE
2026-06-26 09:28:23,"DECODE: Jurnal Pendidikan Teknologi Informasi ISSN Cetak : 2775-2984 | ISSN Online : 2775-1813 Vol. 3, No. 2, September 2023, Hal: 161-171, Doi: http:...",COMPUTER SCIENCE
2026-06-26 09:30:18,i Utilizing the Transcendental Ontological Pedagogical Paradigm (TOP-P) to Teach Counseling Theories to Novice Clinicians Sylvester R. Smith North Car...,MEDICAL
2026-06-26 09:31:16,i Utilizing the Transcendental Ontological Pedagogical Paradigm (TOP-P) to Teach Counseling Theories to Novice Clinicians Sylvester R. Smith North Car...,MEDICAL
2026-06-26 09:32:38,"Pandemi COVID-19 tidak luput dari kerugian-kerugian yang dirasakan masyarakat baik secara finansial, mental, maupun psikologis. Salah satu, kerugian a...",MEDICAL
2026-06-26 09:37:30,"JMK, VOL. 17, NO. 1, MARET 2015, 76–85 DOI: 10.9744/jmk.17.1.76–85 ISSN 1411-1438 print / ISSN 2338-8234 online TINGKAT LITERASI KEUANGAN PADA MAHASIS...",ECONOMY
2026-06-26 09:39:45,"Pandemi COVID-19 tidak luput dari kerugian-kerugian yang dirasakan masyarakat baik secara finansial, mental, maupun psikologis. Salah satu, kerugian a...",MEDICAL
2026-07-13 19:54:53,JURNAL TEKNOLOGI TERPADU VOL.13 NO.1 APRIL 2025 ISSN 2338 - 6649 Received: Desember 2024 Accepted: Maret 2025 Published: April 2025 Perancangan Sistem...,COMPUTER SCIENCE
2026-07-13 19:57:14,JURNAL TEKNOLOGI TERPADU VOL.13 NO.1 APRIL 2025 ISSN 2338 - 6649 Received: Desember 2024 Accepted: Maret 2025 Published: April 2025 Perancangan Sistem...,COMPUTER SCIENCE
2026-07-13 20:04:50,"JATI (Jurnal Mahasiswa Teknik Informatika) Vol. 8 No. 4, Agustus 2024 PEMANFAATAN METODE PROTOTYPE DALAM PERANCANGAN SISTEM INFORMASI PENJUALAN BERBAS...",COMPUTER SCIENCE
2026-07-13 20:10:52,"I Made Adi Wira Surya Kencana1*, Made Adi Paramartha Putra2, I Nyoman Purnama3 Advances in information technology have changed the way companies opera...",COMPUTER SCIENCE
2026-07-13 20:11:41,"barang, dan transaksi terkait lainnya. cepat dan dapat diakses kapan pun ketika diperlukan.",MEDICAL
2026-07-14 12:39:24,"TINGKAT LITERASI KEUANGAN PADA MAHASISWA S-1 FAKULTAS EKONOMI Farah Margaretha1*, Reza Arief Pambudhi1 Jalan Kyai Tapa, Grogol, Jakarta 11440, Indones...",ECONOMY
2026-07-14 12:42:31,"TINGKAT LITERASI KEUANGAN PADA MAHASISWA S-1 FAKULTAS EKONOMI Farah Margaretha1*, Reza Arief Pambudhi1 Jalan Kyai Tapa, Grogol, Jakarta 11440, Indones...",ECONOMY
2026-07-14 12:50:10,"TINGKAT LITERASI KEUANGAN PADA MAHASISWA S-1 FAKULTAS EKONOMI Farah Margaretha1*, Reza Arief Pambudhi1 Jalan Kyai Tapa, Grogol, Jakarta 11440, Indones...",ECONOMY
2026-07-14 12:52:25,"TINGKAT LITERASI KEUANGAN PADA MAHASISWA S-1 FAKULTAS EKONOMI Farah Margaretha1*, Reza Arief Pambudhi1 Jalan Kyai Tapa, Grogol, Jakarta 11440, Indones...",ECONOMY
2026-07-14 12:54:07,"TINGKAT LITERASI KEUANGAN PADA MAHASISWA S-1 FAKULTAS EKONOMI Farah Margaretha1*, Reza Arief Pambudhi1 Jalan Kyai Tapa, Grogol, Jakarta 11440, Indones...",ECONOMY
2026-07-14 12:56:13,Available online at www.medicinescience.org Medicine Science ORIGINAL ARTICLE Medicine Science 2021;10(4):1162-7 Human rights in health / why patient ...,MEDICAL
2026-07-16 00:42:15,"Balance Sheet Approach for Fiscal Sustainability in Indonesia Jaka Sriyana1*, Abdul Hakim2 This paper models fiscal sustainability in Indonesia using ...",ECONOMY
2026-07-20 02:45:14,Discretization Numerical Data for Relational Data with One-to-Many Relations  Abstract: Problem statement: Handling numerical data stored in a relatio...,COMPUTER SCIENCE
2026-07-20 03:22:36,"Balance Sheet Approach for Fiscal Sustainability in Indonesia Jaka Sriyana1*, Abdul Hakim2 This paper models fiscal sustainability in Indonesia using ...",ECONOMY
2026-07-22 16:25:29,Towards sustainable AI knowledge-base assistants in computer science education: on-premise deployment and optimization with open educational resources...,COMPUTER SCIENCE
2026-07-22 17:15:32,"Adoption of artificial intelligence in healthcare: survey of health system priorities, successes, and challenges Eric G Poon, MD, MPH, Christy Harris ...",MEDICAL
2026-07-24 01:00:39,Dokumen Rancangan Perangkat Lunak Aisyah Mukti Pratiwi (10122100) Dandy Fidrian (10122314) Salwa Putri Prabowo (11122344) Yola Regina Br Ginting (1112...,COMPUTER SCIENCE
2026-07-24 20:34:04,Computers and Education: Arti(cid:999)cial Intelligence 10 (2026) 100595 Contents lists available at ScienceDirect Computers and Education: Artificial...,COMPUTER SCIENCE
2026-07-24 21:32:54,Computers and Education: Arti(cid:999)cial Intelligence 10 (2026) 100595 Contents lists available at ScienceDirect Computers and Education: Artificial...,COMPUTER SCIENCE
2026-07-24 21:56:59,LLMs and IoT: A Comprehensive Survey on Large Language Models and the Internet of Things ABSTRACT The Internet of Things (IoT) has emerged as a techno...,COMPUTER SCIENCE
2026-07-24 22:13:56,Artificial Intelligence in Science Education Research: Current States and Challenges Abstract The recent surge of artificial intelligence (AI) in scie...,COMPUTER SCIENCE
2026-07-24 22:36:54,PENERAPAN INTERAKSI MANUSIA DAN KOMPUTER PADA ANTARMUKA SISTEM INFORMASI AKADEMIKAbstrak: Systematic literatur review (SLR) adalah penelitian yang dil...,COMPUTER SCIENCE
2026-07-24 22:42:33,Integrasi Internet of Things (IoT) dan Big Data dalam Kehidupan Keseharian: Transformasi Pola Aktivitas Manusia di Era Digital  Abstrak Transformasi d...,COMPUTER SCIENCE
2026-07-25 01:23:40,The impact of circular economy policies on business models within global value chains: a study of the French textile industry Abstract Drawing on a qu...,ECONOMY
2026-07-25 01:31:59,"Access to Science, Business, Innovation in Digital Economy BANKING DIGITALIZATION AND FINANCIAL INCLUSION: BIBLIOMETRIC ANALYSIS AND PERSPECTIVES IN E...",ECONOMY
2026-07-25 01:45:26,"Strategy and business model development for business incubators: a systematic literature rAbstract Over the past decades, the business incubation lite...",ECONOMY
2026-07-25 01:53:38,"Jurnal Akuntansi, Manajemen dan Ilmu Ekonomi (JASMIEN) (Online) 2723-813X | (Print) 2723-8121 Eksplorasi Persepsi Mahasiswa terhadap Penggunaan Paylat...",MEDICAL
2026-07-25 01:55:08,Jurnal Penelitian Nusantara Website : https://jurnal.padangtekno.web.id/index.php/menulis Peran Teknologi Finansial (Fintech) Dalam Meningkatkan Efisi...,ECONOMY
2026-07-25 02:12:31,"Sinergi : Jurnal Ilmiah Multidisiplin Peran E-Commerce Dalam Pemberdayaan Umkm Di Sri Hartono1, Nurjannah2, Mahadi3, Syahroni4, Faisal Asmen5 This res...",ECONOMY
2026-07-25 02:44:12,"Phase 3 Trial of Semaglutide in Metabolic Dysfunction– Associated Steatohepatitis Arun J. Sanyal, M.D.,1 Philip N. Newsome, M.B., Ch.B., Ph.D.,2,3 Iri...",MEDICAL
2026-07-25 02:52:41,Therapeutic targeting of chromatin alterations in leukemiaand solid tumors AbstractAlterations in chromatin conformation and post-translational modifi...,MEDICAL
2026-07-25 03:01:26,DNA methyltransferase inhibitors AbstractEpigenetic modifications such as DNA methylation play a fundamental role in onco-genesis and the progression ...,MEDICAL
2026-07-25 03:09:23,Effects of the COVID-19 Pandemic on K-12 Education: A Systematic Literature Review Florida Gulf Coast University The COVID-19 pandemic has had far-rea...,COMPUTER SCIENCE
2026-07-25 03:11:49,Impact of COVID-19 Pandemic on College Student Mental Health and Wellness Objective: To test the impact of the coronavirus disease 2019 (COVID) pandem...,MEDICAL
2026-07-25 03:17:18,"Website : https://gudangjurnal.com/index.php/gjmi Dukungan Sosial Dan Penanganan Stres Dalam Konteks Kesehatan Nadhira Putri Kinaura1*, Anna Dina Kali...",MEDICAL
2026-07-25 03:18:31,Analisis Pengaruh Covid-19 Terhadap Kesehatan Mental Dengan Visualisasi Data Rapidminer Pandemi Covid-19 telah membawa pengaruh yang besar terhadap ke...,MEDICAL
2026-07-25 03:24:11,HUBUNGAN POLA MAKAN DAN AKTIVITAS FISIKDENGANPENYAKIT JANTUNG KORONER Penyakit jantung koroner terjadi karena penyempitan atau penyumbatan pembuluh da...,MEDICAL
2026-07-25 03:28:09,Faktor Risiko Usia dan Gejala Klinis terhadap Status Gizi Anak Penyakit Jantung Bawaan di RSUP H. Adam Malik Medan Tahun 2020-2021 Pendahuluan.Penyaki...,MEDICAL
2026-07-25 03:31:46,Klasifikasi Penyakit Diabetes Melitus Berbasis Jaringan Syaraf Tiruan Menggunakan Algoritma Multi-Layer Perceptron Diabetes Melitus merupakan salah sa...,MEDICAL
2026-07-25 03:38:21,Menjaga Kesehatan Fisik Dan Mental Lanjut UsiaMelalui Program Posyandu Lansia Posyandu lansia adalah pos pelayanan terpadu untuk masyarakat lanjut usi...,MEDICAL
2026-07-25 03:43:26,ANALISIS HUKUM PIDANA TERHADAP KEBOCORAN DATA PRIBADI DALAM SISTEM ELEKTRONIK DI INDONESIA Penelitian  ini  bertujuan  untuk  menganalisis  pengaturan...,COMPUTER SCIENCE
2026-07-25 03:47:07,Development and evaluation of artificialintelligence literacy training for teachereducation students AbstractTeacher education students play double ro...,COMPUTER SCIENCE
2026-07-25 03:55:06,Resistance and Digital Communication: How Gaming Platforms Become Alternative Infrastructures of Communication in Surveillance States This article exa...,MEDICAL
2026-07-25 04:06:00,Sustainable Analysis of the Use of Organic Fertilizer in Rice Fields in Deli Serdang Regency This study aims to analyze the sustainability of organic ...,ECONOMY
2026-07-25 04:25:11,"Dance Video Creation as an Arts-Based Learning Practice:The Role of Self-Efficacy, Emotion, and Narcissistic Tendencies in Elementary Dance Education ...",COMPUTER SCIENCE
2026-07-25 04:26:34,"Poetry Musicalization as an Integrative Learning Model: Linguistic, Musical, and Character Collaboration in Secondary Education Poetry musicalization ...",COMPUTER SCIENCE
2026-07-29 15:54:07,Modem : Jurnal Informatika dan Sains Teknologi Sistem Informasi Cuti Kepegawaian pada Rumah Sakit Umum Daerah Kabupaten Batu Bara Alamat: Jl. Jend. A....,COMPUTER SCIENCE
